{
    "Floor": {
        "width": 200.0,
        "height": 2.0000000596046448,
        "depth": 2.0,
        "position": [
            -75.0,
            -5.662441253662109e-07,
            3.2010302543640137
        ],
         "rotation": [
            0.0,
            0.0,
            0.0
        ],
        "type": "Platform",
        "visible": true,
        "value0": 0,
        "value1": 1,
        "value2": 0,
        "value3": 0
    },
    "MediumPlatform": {
        "width": 4.0,
        "height": 2.0,
        "depth": 2.0000009536743164,
        "position": [
            -14.60383415222168,
            0.0,
            15.591697216033936
        ],
         "rotation": [
            0.0,
            0.0,
            0.0
        ],
        "type": "Platform",
        "visible": true,
        "value0": 0,
        "value1": 1,
        "value2": 0,
        "value3": 0
    },
    "MediumPlatform.001": {
        "width": 4.0,
        "height": 2.0000000596046448,
        "depth": 2.0,
        "position": [
            -27.521116256713867,
            -4.470348358154297e-07,
            20.72645378112793
        ],
         "rotation": [
            0.0,
            0.0,
            0.0
        ],
        "type": "Platform",
        "visible": true,
        "value0": 0,
        "value1": 1,
        "value2": 0,
        "value3": 0
    },
    "MediumPlatform.002": {
        "width": 4.0,
        "height": 1.9999999403953552,
        "depth": 2.0,
        "position": [
            -40.60688781738281,
            -9.834766387939453e-07,
            31.23696517944336
        ],
         "rotation": [
            0.0,
            0.0,
            0.0
        ],
        "type": "Platform",
        "visible": true,
        "value0": 0,
        "value1": 1,
        "value2": 0,
        "value3": 0
    },
    "Floor.001": {
        "width": 2.0000085830688477,
        "height": 2.0000000596046448,
        "depth": 200.0,
        "position": [
            3.306764602661133,
            -5.662441253662109e-07,
            104.15727233886719
        ],
         "rotation": [
            0.0,
            0.0,
            0.0
        ],
        "type": "Platform",
        "visible": true,
        "value0": 0,
        "value1": 1,
        "value2": 0,
        "value3": 0
    },
    "MediumPlatform.003": {
        "width": 4.0,
        "height": 2.0,
        "depth": 2.0,
        "position": [
            -27.58470344543457,
            -2.384185791015625e-06,
            45.449954986572266
        ],
         "rotation": [
            0.0,
            0.0,
            0.0
        ],
        "type": "Platform",
        "visible": true,
        "value0": 0,
        "value1": 1,
        "value2": 0,
        "value3": 0
    },
    "MediumPlatform.004": {
        "width": 4.0,
        "height": 2.0,
        "depth": 2.0,
        "position": [
            -12.346046447753906,
            -3.814697265625e-06,
            55.82229995727539
        ],
         "rotation": [
            0.0,
            0.0,
            0.0
        ],
        "type": "Platform",
        "visible": true,
        "value0": 0,
        "value1": 1,
        "value2": 0,
        "value3": 0
    },
    "MediumPlatform.005": {
        "width": 4.0,
        "height": 1.9999999403953552,
        "depth": 2.0,
        "position": [
            -27.57562828063965,
            -4.798173904418945e-06,
            60.876644134521484
        ],
         "rotation": [
            0.0,
            0.0,
            0.0
        ],
        "type": "Platform",
        "visible": true,
        "value0": 0,
        "value1": 1,
        "value2": 0,
        "value3": 0
    },
    "MediumPlatform.006": {
        "width": 4.0,
        "height": 2.0,
        "depth": 2.0,
        "position": [
            -47.89242935180664,
            -5.9604644775390625e-06,
            65.41304016113281
        ],
         "rotation": [
            0.0,
            0.0,
            0.0
        ],
        "type": "Platform",
        "visible": true,
        "value0": 0,
        "value1": 1,
        "value2": 0,
        "value3": 0
    },
    "MediumPlatform.007": {
        "width": 4.0,
        "height": 1.9999999403953552,
        "depth": 2.0000038146972656,
        "position": [
            -53.890907287597656,
            -5.632638931274414e-06,
            63.35650444030762
        ],
         "rotation": [
            0.0,
            0.0,
            0.0
        ],
        "type": "Platform",
        "visible": true,
        "value0": 0,
        "value1": 1,
        "value2": 0,
        "value3": 0
    },
    "MediumPlatform.008": {
        "width": 4.0,
        "height": 2.0,
        "depth": 2.0,
        "position": [
            -57.95947265625,
            -5.364418029785156e-06,
            61.269569396972656
        ],
         "rotation": [
            0.0,
            0.0,
            0.0
        ],
        "type": "Platform",
        "visible": true,
        "value0": 0,
        "value1": 1,
        "value2": 0,
        "value3": 0
    },
    "Floor.002": {
        "width": 48.328460693359375,
        "height": 1.9999999403953552,
        "depth": 2.0,
        "position": [
            -74.02584838867188,
            -4.798173904418945e-06,
            44.78797149658203
        ],
         "rotation": [
            0.0,
            0.0,
            0.0
        ],
        "type": "Platform",
        "visible": true,
        "value0": 0,
        "value1": 1,
        "value2": 0,
        "value3": 0
    },
    "Floor.003": {
        "width": 2.0,
        "height": 1.9999999403953552,
        "depth": 22.000003814697266,
        "position": [
            -50.80035400390625,
            7.3015689849853516e-06,
            55.42999076843262
        ],
         "rotation": [
            0.0,
            0.0,
            0.0
        ],
        "type": "Platform",
        "visible": true,
        "value0": 0,
        "value1": 1,
        "value2": 0,
        "value3": 0
    },
    "MediumPlatform.009": {
        "width": 4.0,
        "height": 2.0,
        "depth": 2.0,
        "position": [
            -62.04876708984375,
            -5.125999450683594e-06,
            59.21125793457031
        ],
         "rotation": [
            0.0,
            0.0,
            0.0
        ],
        "type": "Platform",
        "visible": true,
        "value0": 0,
        "value1": 1,
        "value2": 0,
        "value3": 0
    },
    "MediumPlatform.010": {
        "width": 4.0,
        "height": 1.9999999403953552,
        "depth": 2.0,
        "position": [
            -66.22731018066406,
            -4.798173904418945e-06,
            57.16419219970703
        ],
         "rotation": [
            0.0,
            0.0,
            0.0
        ],
        "type": "Platform",
        "visible": true,
        "value0": 0,
        "value1": 1,
        "value2": 0,
        "value3": 0
    },
    "MediumPlatform.011": {
        "width": 4.0,
        "height": 2.0,
        "depth": 2.0,
        "position": [
            -123.33509826660156,
            -7.987022399902344e-06,
            88.5048828125
        ],
         "rotation": [
            0.0,
            0.0,
            0.0
        ],
        "type": "Platform",
        "visible": true,
        "value0": 0,
        "value1": 1,
        "value2": 0,
        "value3": 0
    },
    "MediumPlatform.012": {
        "width": 6.2440948486328125,
        "height": 2.0000000596046448,
        "depth": 2.0,
        "position": [
            -113.92652893066406,
            -5.692243576049805e-06,
            63.42198181152344
        ],