{
    "Cube.001": {
        "width": 7.144650459289551,
        "height": 1.0,
        "depth": 1.0,
        "min_x": -23.505783081054688,
        "max_x": -9.216483116149902,
        "min_y": -1.0,
        "max_y": 1.0,
        "min_z": -1.0,
        "max_z": 1.0,
        "bb_width": 14.289299964904785,
        "bb_height": 2.0,
        "bb_depth": 2.0,
        "position": [
            -16.361133098602295,
            0.0,
            0.0
        ],
        "rotation": [
            0.0,
            0.0,
            0.0
        ],
        "type": "platform",
        "value": 0
    },
    "Cube.003": {
        "width": 7.144650459289551,
        "height": 1.0,
        "depth": 1.0,
        "min_x": -9.99006462097168,
        "max_x": 4.299236297607422,
        "min_y": -1.0,
        "max_y": 1.0,
        "min_z": -1.0,
        "max_z": 1.0,
        "bb_width": 14.289300918579102,
        "bb_height": 2.0,
        "bb_depth": 2.0,
        "position": [
            -2.845414161682129,
            0.0,
            0.0
        ],
        "rotation": [
            0.0,
            0.0,
            0.0
        ],
        "type": "platform",
        "value": 0
    },
    "Cube.004": {
        "width": 7.144650459289551,
        "height": 1.0,
        "depth": 1.0,
        "min_x": 4.043002128601074,
        "max_x": 18.435775756835938,
        "min_y": -1.0,
        "max_y": 1.0,
        "min_z": -1.0130720138549805,
        "max_z": 1.9615435600280762,
        "bb_width": 14.392773628234863,
        "bb_height": 2.0,
        "bb_depth": 2.9746155738830566,
        "position": [
            11.239388942718506,
            0.0,
            0.47423577308654785
        ],
        "rotation": [
            0.0,
            -0.06858882308006287,
            0.0
        ],
        "type": "platform",
        "value": 0
    },
    "Cube.005": {
        "width": 7.144650459289551,
        "height": 1.0,
        "depth": 1.0,
        "min_x": 15.856295585632324,
        "max_x": 30.239421844482422,
        "min_y": -1.0,
        "max_y": 1.0,
        "min_z": -0.17714765667915344,
        "max_z": 2.671279191970825,
        "bb_width": 14.383126258850098,
        "bb_height": 2.0,
        "bb_depth": 2.8484268486499786,
        "position": [
            23.047858715057373,
            0.0,
            1.2470657676458359
        ],
        "rotation": [
            0.0,
            -0.05965936556458473,
            0.0
        ],
        "type": "platform",
        "value": 0
    },
    "Cube.006": {
        "width": 1.4039911031723022,
        "height": 1.0,
        "depth": 0.9982835650444031,
        "min_x": 29.1042537689209,
        "max_x": 31.9122371673584,
        "min_y": -1.0,
        "max_y": 1.0,
        "min_z": 0.6937450766563416,
        "max_z": 2.690312147140503,
        "bb_width": 2.8079833984375,
        "bb_height": 2.0,
        "bb_depth": 1.9965670704841614,
        "position": [
            30.50824546813965,
            0.0,
            1.6920286118984222
        ],
        "rotation": [
            0.0,
            0.0,
            0.0
        ],
        "type": "platform",
        "value": 0
    },
    "Cube.002": {
        "width": 1.6899791955947876,
        "height": 1.0,
        "depth": 1.0,
        "min_x": -22.885971069335938,
        "max_x": -19.506011962890625,
        "min_y": -1.0,
        "max_y": 1.0,
        "min_z": 2.4995152950286865,
        "max_z": 4.499515533447266,
        "bb_width": 3.3799591064453125,
        "bb_height": 2.0,
        "bb_depth": 2.000000238418579,
        "position": [
            -21.19599151611328,
            0.0,
            3.499515414237976
        ],
        "rotation": [
            0.0,
            0.0,
            0.0
        ],
        "type": "platform",
        "value": 0
    },
    "Cube.007": {
        "width": 25.742128372192383,
        "height": 1.0,
        "depth": 1.5,
        "min_x": -23.5291690826416,
        "max_x": 28.0417537689209,
        "min_y": -1.0,
        "max_y": 1.0,
        "min_z": 8.238542556762695,
        "max_z": 13.968217849731445,
        "bb_width": 51.5709228515625,
        "bb_height": 2.0,
        "bb_depth": 5.72967529296875,
        "position": [
            2.2562923431396484,
            0.0,
            11.10338020324707
        ],
        "rotation": [
            0.0,
            0.053126826882362366,
            0.0
        ],
        "type": "platform",
        "value": 0
    },
    "Cube.008": {
        "width": 25.742128372192383,
        "height": 1.0,
        "depth": 1.5,
        "min_x": 68.44281005859375,
        "max_x": 120.01351928710938,
        "min_y": -1.0,
        "max_y": 1.0,
        "min_z": -15.103533744812012,
        "max_z": -9.413166999816895,
        "bb_width": 51.570709228515625,
        "bb_height": 2.0,
        "bb_depth": 5.690366744995117,
        "position": [
            94.22816467285156,
            0.0,
            -12.258350372314453
        ],
        "rotation": [
            0.0,
            0.05235987901687622,
            0.0
        ],
        "type": "platform",
        "value": 0
    },
    "Cube.009": {
        "width": 25.742128372192383,
        "height": 1.0,
        "depth": 1.5,
        "min_x": 36.59699249267578,
        "max_x": 88.1631088256836,
        "min_y": -1.0,
        "max_y": 1.0,
        "min_z": 0.3981907367706299,
        "max_z": 5.641047477722168,
        "bb_width": 51.56611633300781,
        "bb_height": 2.0,
        "bb_depth": 5.242856740951538,
        "position": [
            62.38005065917969,
            0.0,
            3.019619107246399
        ],
        "rotation": [
            0.0,
            0.04363323003053665,
            0.0
        ],
        "type": "platform",
        "value": 0
    },
    "Cube.010": {
        "width": 25.742128372192383,
        "height": 1.0,
        "depth": 1.5,
        "min_x": 71.568115234375,
        "max_x": 112.93569946289062,
        "min_y": -1.0,
        "max_y": 1.0,
        "min_z": -1.9825303554534912,
        "max_z": 33.40904235839844,
        "bb_width": 41.367584228515625,
        "bb_height": 2.0,
        "bb_depth": 35.39157271385193,
        "position": [
            92.25190734863281,
            0.0,
            15.713256001472473
        ],
        "rotation": [
            0.0,
            -0.6981316804885864,
            0.0
        ],
        "type": "platform",
        "value": 0
    }
}