{
    "Cube": {
        "min_x": -1.0,
        "max_x": 1.0,
        "min_y": -1.0,
        "max_y": 1.0,
        "min_z": -1.0,
        "max_z": 1.0,
        "width": 2.0,
        "height": 2.0,
        "depth": 2.0,
        "position": [
            0.0,
            0.0,
            0.0
        ]
    },
    "Cube.001": {
        "min_x": 2.179532766342163,
        "max_x": 3.4941341876983643,
        "min_y": -0.6253137588500977,
        "max_y": 0.6892877817153931,
        "min_z": -0.21394255757331848,
        "max_z": 0.10987629741430283,
        "width": 1.3146014213562012,
        "height": 1.3146015405654907,
        "depth": 0.3238188549876213,
        "position": [
            2.8368334770202637,
            0.031987011432647705,
            -0.05203313007950783
        ]
    },
    "Cube.002": {
        "min_x": 1.907869815826416,
        "max_x": 10.932666778564453,
        "min_y": -2.3387598991394043,
        "max_y": 2.5376572608947754,
        "min_z": 4.172539710998535,
        "max_z": 5.84451961517334,
        "width": 9.024796962738037,
        "height": 4.87641716003418,
        "depth": 1.6719799041748047,
        "position": [
            6.420268297195435,
            0.09944868087768555,
            5.0085296630859375
        ]
    }
}